{   
    "name": "Kibbles Crafting Items",   
    "title": "Kibbles Crafting Items",   
    "description": "Kibbles Crafting Items",   
    "author": "Freshness",
    "version": "1.0.0",
    "minimumCoreVersion": "0.8.9",
    "compatibleCoreVersion":"0.8.9",
    "packs": [
        {
          "name": "kibbles-crafting-items",
          "label": "kibbles-crafting-items",
          "path": "packs/kibbles-crafting-items.db",
          "entity": "Item",
          "module": "Kibbles Crafting Items"
        }
      ],
    "url": "https://github.com/FreshnessDND/Kibbles-Crafting-Items.git",
    "manifest": "https://github.com/FreshnessDND/Kibbles-Crafting-Items/releases/download/latest/module.json",
    "download": "https://github.com/FreshnessDND/Kibbles-Crafting-Items/releases/download/latest/Kibbles-Crafting-Items.zip"
  }